{"UUID":"n37lojMfuRgSF0yFzEPsOu","layoutMainAxisSizing":null,"layoutCrossAxisSizing":null,"name":"Hello World! (Parabeac) (Copy)","isVisible":true,"boundaryRectangle":null,"style":null,"prototypeNodeUUID":null,"child":null,"constraints":null,"debug":false,"pngPath":"/usr/src/app/temp-out/pb-tmp-4fef6e50-b76f-4462-a4e0-2864564b3e61/helloworld/lib/assets/images","pages":[{"UUID":"0:1","layoutMainAxisSizing":null,"layoutCrossAxisSizing":null,"name":"Page 1","isVisible":true,"boundaryRectangle":null,"style":null,"prototypeNodeUUID":null,"child":null,"constraints":null,"convert":true,"screens":[{"UUID":"2:19","layoutMainAxisSizing":null,"layoutCrossAxisSizing":null,"name":"HelloWorldScreen","boundaryRectangle":null,"style":null,"prototypeNodeUUID":null,"child":null,"constraints":null,"convert":true,"imageURI":"https://pbnestcore.blob.core.windows.net/n37lojmfurgsf0yfzepsou/2:19.png","pbdlType":"screen","designNode":{"UUID":"2:19","layoutMainAxisSizing":"INHERIT","layoutCrossAxisSizing":"INHERIT","name":"HelloWorldScreen","isVisible":true,"style":{"UUID":"","layoutMainAxisSizing":null,"layoutCrossAxisSizing":null,"name":"","isVisible":true,"boundaryRectangle":null,"style":null,"prototypeNodeUUID":"","child":null,"constraints":null,"fills":[{"gradientStops":null,"gradientHandlePositions":[],"imageRef":null,"color":{"a":1.0,"r":1.0,"g":1.0,"b":1.0},"opacity":100,"blendMode":"NORMAL","type":"SOLID","isEnabled":true}],"borderOptions":{"borders":[],"strokeWeight":1.0,"strokeAlign":"INSIDE","strokeJoin":null,"strokeDashes":null,"cornerRadius":null},"effects":[],"textStyle":null,"pbdlType":"style"},"prototypeNodeUUID":null,"child":null,"constraints":null,"backgroundColor":{"a":1.0,"r":1.0,"g":1.0,"b":1.0},"boundaryRectangle":{"constrainProportions":false,"constraints":null,"height":926.0,"width":428.0,"x":110.0,"y":-449.0,"z":0.0,"type":"boundaryBox"},"isFlowHome":false,"pbdlType":"artboard","children":[{"UUID":"2:14","layoutMainAxisSizing":"INHERIT","layoutCrossAxisSizing":"INHERIT","name":"Hello World Button <custom>","isVisible":true,"boundaryRectangle":{"constrainProportions":false,"constraints":null,"height":49.0,"width":137.0,"x":255.0,"y":-11.0,"z":0.0,"type":"boundaryBox"},"style":{"UUID":"","layoutMainAxisSizing":null,"layoutCrossAxisSizing":null,"name":"","isVisible":true,"boundaryRectangle":null,"style":null,"prototypeNodeUUID":"","child":null,"constraints":null,"fills":[],"borderOptions":{"borders":[],"strokeWeight":1.0,"strokeAlign":"INSIDE","strokeJoin":null,"strokeDashes":null,"cornerRadius":30.0},"effects":[],"textStyle":null,"pbdlType":"style"},"prototypeNodeUUID":null,"constraints":{"pinLeft":false,"pinRight":false,"pinTop":false,"pinBottom":false,"fixedHeight":true,"fixedWidth":true},"children":[{"UUID":"5:2","layoutMainAxisSizing":"INHERIT","layoutCrossAxisSizing":"INHERIT","name":"Background color","isVisible":true,"boundaryRectangle":{"constrainProportions":false,"constraints":null,"height":49.0,"width":137.0,"x":255.0,"y":-11.0,"z":0.0,"type":"boundaryBox"},"style":{"UUID":"","layoutMainAxisSizing":null,"layoutCrossAxisSizing":null,"name":"","isVisible":true,"boundaryRectangle":null,"style":null,"prototypeNodeUUID":"","child":null,"constraints":null,"fills":[{"gradientStops":null,"gradientHandlePositions":[],"imageRef":null,"color":{"a":1.0,"r":0.054901961237192154,"g":0.09803921729326248,"b":0.20392157137393951},"opacity":100,"blendMode":"NORMAL","type":"SOLID","isEnabled":true}],"borderOptions":{"borders":[],"strokeWeight":1.0,"strokeAlign":"INSIDE","strokeJoin":null,"strokeDashes":null,"cornerRadius":30.0},"effects":[],"textStyle":null,"pbdlType":"style"},"prototypeNodeUUID":null,"constraints":{"pinLeft":true,"pinRight":false,"pinTop":true,"pinBottom":false,"fixedHeight":true,"fixedWidth":true},"fixedRadius":30.0,"pbdlType":"rectangle","child":null},{"UUID":"2:15","layoutMainAxisSizing":"INHERIT","layoutCrossAxisSizing":"INHERIT","name":"Hello World!","isVisible":true,"boundaryRectangle":{"constrainProportions":false,"constraints":null,"height":22.0,"width":96.0,"x":276.0,"y":3.0,"z":1.0,"type":"boundaryBox"},"style":{"UUID":"","layoutMainAxisSizing":null,"layoutCrossAxisSizing":null,"name":"","isVisible":true,"boundaryRectangle":null,"style":null,"prototypeNodeUUID":"","child":null,"constraints":null,"fills":[{"gradientStops":null,"gradientHandlePositions":[],"imageRef":null,"color":{"a":1.0,"r":1.0,"g":1.0,"b":1.0},"opacity":100,"blendMode":"NORMAL","type":"SOLID","isEnabled":true}],"borderOptions":{"borders":[],"strokeWeight":1.0,"strokeAlign":"OUTSIDE","strokeJoin":null,"strokeDashes":null,"cornerRadius":null},"effects":[],"textStyle":{"UUID":"","layoutMainAxisSizing":null,"layoutCrossAxisSizing":null,"name":"","isVisible":false,"boundaryRectangle":null,"style":null,"prototypeNodeUUID":"","child":null,"constraints":null,"fontFamily":"Inter","fontPostScriptName":"Inter-Bold","paragraphSpacing":12.0,"paragraphIndent":0,"listSpacing":0,"italics":null,"fontWeight":700,"fontSize":16.0,"textCase":"ORIGINAL","textDecoration":"NONE","textAutoResize":"WIDTH_AND_HEIGHT","textAlignHorizontal":"LEFT","textAlignVertical":"CENTER","letterSpacing":0.0,"fills":null,"hyperLink":null,"opentypeFlags":{},"lineHeightPx":21.600000381469727,"lineHeightPercent":115.19999694824219,"lineHeightPercentFontSize":135.0,"lineHeightUnit":"FONT_SIZE_%","pbdlType":"text_style"},"pbdlType":"style"},"prototypeNodeUUID":null,"child":null,"constraints":{"pinLeft":true,"pinRight":false,"pinTop":true,"pinBottom":false,"fixedHeight":true,"fixedWidth":true},"pbdlType":"text","content":"Hello World!"}],"pbdlType":"frame","fixedRadius":null,"background":null,"autoLayoutOptions":null}]},"isVisible":true}],"pbdlType":"page"}],"miscPages":[],"sharedStyles":[],"pbdlType":"project","azure_container_uri":"https://pbnestcore.blob.core.windows.net/n37lojmfurgsf0yfzepsou"}